{"horizont": 6, "All_Bonds": 0.6810501669219602, "FTSE_MIB": 0.2875188687993616, "GOLD_SPOT": 0.03307738363662151, "MSCI_EM": 0.000877693811043738, "MSCI_EURO": 0.035326623358116024, "SP_500": 0.02978870602353331, "US_Treasury": -0.027806730386156872}