{"horizont": 6, "All_Bonds": 0.5725580722447612, "FTSE_MIB": 0.08408493613175202, "GOLD_SPOT": 0.06345533878322904, "MSCI_EM": 0.1012335837173582, "MSCI_EURO": 0.07481159219856905, "SP_500": 0.050417805331163336, "US_Treasury": 0.05115065036032357}